Setor,Tipo Equipamento,Quantidade de Equipamentos,Idade do Equipamento,Garantia,Tempo Médio entre Falhas
AGENCIA TRANSFUSIONAL,AGITADOR LAB,2,9,NÃO,Médio
AGENCIA TRANSFUSIONAL,BALANCA ELETRONICA,1,5,NÃO,Médio
AGENCIA TRANSFUSIONAL,BALANCA ELETRONICA PRECISAO,1,16,NÃO,Alto
AGENCIA TRANSFUSIONAL,BANHO MARIA DESCONGELAMENTO,1,8,NÃO,Alto
AGENCIA TRANSFUSIONAL,BANHO MARIA LABORATORIAL,2,0,SIM,Alto
AGENCIA TRANSFUSIONAL,CENTRIFUGA B B V,1,0,SIM,Médio
AGENCIA TRANSFUSIONAL,FREEZER LAB MULTIUSO VERTICAL,1,9,NÃO,Baixo
AGENCIA TRANSFUSIONAL,LEITOR CODIGO BARRAS,3,7,NÃO,Alto
AGENCIA TRANSFUSIONAL,NEGATOSCOPIO,1,0,SIM,Baixo
AGENCIA TRANSFUSIONAL,PIPETA,2,8,NÃO,Baixo
AGENCIA TRANSFUSIONAL,REFRIGERADOR BANCO SANGUE,1,14,NÃO,Alto
AGENCIA TRANSFUSIONAL,REFRIGERADOR FARMACIA VERTICAL,2,8,NÃO,Alto
AGENCIA TRANSFUSIONAL,TERMOMETRO ELETRONICO,6,11,NÃO,Baixo
AMBULATORIO,AGITADOR LAB,1,6,NÃO,Baixo
AMBULATORIO,ANA FISIOLOGICO PERISTALTISMO/CONTRACAO,1,8,NÃO,Baixo
AMBULATORIO,ANA LAB GAS SANGUINEO-PH,1,19,NÃO,Baixo
AMBULATORIO,ASPIRADOR CIRURGICO,3,19,NÃO,Baixo
AMBULATORIO,AUDIOMETRO,3,12,NÃO,Baixo
AMBULATORIO,BALANCA ELETRONICA,4,35,NÃO,Médio
AMBULATORIO,BALANCA ELETRONICA PRECISAO,1,4,NÃO,Baixo
AMBULATORIO,BALANCA MECANICA,1,33,NÃO,Baixo
AMBULATORIO,BALANCA PACIENTE PLATAFORMA ELETRONICA,3,12,NÃO,Baixo
AMBULATORIO,BALANCA PACIENTE PLATAFORMA MECANICA,1,33,NÃO,Baixo
AMBULATORIO,BIOMETRO ULTRASSONICO,1,4,NÃO,Alto
AMBULATORIO,BISTURI ELETRONICO MONOPOLAR,2,36,NÃO,Baixo
AMBULATORIO,BISTURI ELETRONICO MONOPOLAR-BIPOLAR,2,1,SIM,Alto
AMBULATORIO,BOMBA INFUSAO USO GERAL,2,9,NÃO,Médio
AMBULATORIO,CABINE AUDIOMETRIA,2,11,NÃO,Baixo
AMBULATORIO,CADEIRA EXAME-TRATAMENTO,8,11,NÃO,Médio
AMBULATORIO,CAMERA VIDEO,2,10,NÃO,Médio
AMBULATORIO,CARDIOTOCOGRAFO,2,13,NÃO,Médio
AMBULATORIO,CENTRIFUGA B A V,2,6,NÃO,Alto
AMBULATORIO,COLPOSCOPIO,6,25,NÃO,Médio
AMBULATORIO,COLUNA OFTALMOLOGICA,5,5,NÃO,Alto
AMBULATORIO,DERMATOSCOPIO,1,13,NÃO,Alto
AMBULATORIO,DESFIBRILADOR-CARDIOVERSOR,5,23,NÃO,Baixo
AMBULATORIO,DETECTOR FETAL US CORACAO,14,5,NÃO,Médio
AMBULATORIO,ELETROCARDIOGRAFO,1,12,NÃO,Médio
AMBULATORIO,ELETRONISTAGMOGRAFO,1,7,NÃO,Médio
AMBULATORIO,ENDOSCOPIO DUCTO COMUM,1,3,NÃO,Baixo
AMBULATORIO,ESFIGMOMANOMETRO ANEROIDE,23,11,NÃO,Alto
AMBULATORIO,ESTIMULADOR ACUSTICO,1,10,NÃO,Alto
AMBULATORIO,ESTIMULADOR ACUSTICO AUDITIVO,1,12,NÃO,Baixo
AMBULATORIO,ESTIMULADOR CALORICO FUNCAO VESTIBULAR,1,7,NÃO,Baixo
AMBULATORIO,FOCO CIRURGICO,2,20,NÃO,Baixo
AMBULATORIO,FOCO CLINICO,16,17,NÃO,Baixo
AMBULATORIO,FONTE ENERGIA,1,15,NÃO,Médio
AMBULATORIO,FONTE LUZ,2,12,NÃO,Baixo
AMBULATORIO,FONTE LUZ FIBRA OPTICA,3,12,NÃO,Médio
AMBULATORIO,FOTOTERAPIA UV,2,4,NÃO,Alto
AMBULATORIO,GLICOSIMETRO,3,11,NÃO,Alto
AMBULATORIO,IMPEDANCIOMETRO TIMPANOMETRICO,3,13,NÃO,Baixo
AMBULATORIO,IMPRESSORA GRAFICA,1,10,NÃO,Baixo
AMBULATORIO,INCUBADORA CO2,1,6,NÃO,Alto
AMBULATORIO,INSUFLADOR LAPAROSCOPIA,1,10,NÃO,Baixo
AMBULATORIO,INTERFACE DADOS,4,1,NÃO,Médio
AMBULATORIO,KERATOMETRO,1,14,NÃO,Baixo
AMBULATORIO,KERATOTOMO,1,8,NÃO,Médio
AMBULATORIO,LAMPADA FENDA,8,43,NÃO,Médio
AMBULATORIO,LARINGOESTROBOSCOPIO,1,10,NÃO,Alto
AMBULATORIO,LASER ARGONIO OFTALMOLOGICO,1,32,NÃO,Alto
AMBULATORIO,LASER ND:YAG OFTALMOLOGICO,1,26,NÃO,Alto
AMBULATORIO,LAVADORA MICROPLACA,1,6,NÃO,Baixo
AMBULATORIO,LEITORA MICROPLACA,1,6,NÃO,Baixo
AMBULATORIO,LENSOMETRO,1,14,NÃO,Baixo
AMBULATORIO,MESA CIRURGICA,1,1,NÃO,Baixo
AMBULATORIO,MESA OFTALMOLOGICA,1,9,NÃO,Baixo
AMBULATORIO,MICROSCOPIO CIRURGICO,2,14,NÃO,Alto
AMBULATORIO,MICROSCOPIO LAB,2,17,NÃO,Médio
AMBULATORIO,MONITOR MULTIPARAMETRICO,12,10,NÃO,Baixo
AMBULATORIO,MONITOR VIDEO,1,10,NÃO,Baixo
AMBULATORIO,NASOFARINGOLARINGOSCOPIO FLEXIVEL,1,0,SIM,Médio
AMBULATORIO,NASOFARINGOSCOPIO,2,10,NÃO,Médio
AMBULATORIO,NOBREAK,1,11,NÃO,Alto
AMBULATORIO,OFTALMOSCOPIO,6,28,NÃO,Alto
AMBULATORIO,OFTALMOSCOPIO INDIRETO,1,5,NÃO,Alto
AMBULATORIO,OSMOSE REVERSA,1,6,NÃO,Alto
AMBULATORIO,OTO-OFTALMOSCOPIO,6,5,NÃO,Alto
AMBULATORIO,OTOSCOPIO,2,7,NÃO,Alto
AMBULATORIO,OXIMETRO PULSO,1,12,NÃO,Baixo
AMBULATORIO,PROCESSADORA IMAGEM VIDEO,1,10,NÃO,Médio
AMBULATORIO,PROJETOR GRAFICO OCULAR,5,33,NÃO,Alto
AMBULATORIO,RAIO-X,1,15,NÃO,Alto
AMBULATORIO,REAL TIME PCR,2,6,NÃO,Médio
AMBULATORIO,REFORÇO VISUAL ANIMADO,1,11,NÃO,Alto
AMBULATORIO,RETINOSCOPIO,2,5,NÃO,Alto
AMBULATORIO,SENSOR OXIMETRO PULSO,1,11,NÃO,Alto
AMBULATORIO,SERRA GESSO ELETRICA,3,8,NÃO,Alto
AMBULATORIO,SIS AVALIACAO FUNCAO AUDITIVA,2,15,NÃO,Alto
AMBULATORIO,SIS TOPOGRAFIA CORNEA,1,2,NÃO,Alto
AMBULATORIO,SIS TRIAGEM AUDITIVA RN,2,11,NÃO,Baixo
AMBULATORIO,TERMOMETRO ELETRONICO,3,11,NÃO,Alto
AMBULATORIO,TOMOGRAFO COERENCIA OPTICA,1,10,NÃO,Baixo
AMBULATORIO,TONOMETRO OFTALMOLOGICO,1,8,NÃO,Baixo
AMBULATORIO,ULTRASSOM,2,11,NÃO,Baixo
AMBULATORIO,ULTRASSOM PORTATIL,1,5,NÃO,Médio
AMBULATORIO,VIDEO CAPILAROSCOPIO,1,1,NÃO,Médio
AMBULATORIO,VIDEO NISTAGMOGRAFO,1,7,NÃO,Alto
ASSISTENCIA SOCIAL E SAUDE MENTAL,BALANCA PACIENTE PLATAFORMA ELETRONICA,2,14,NÃO,Médio
ASSISTENCIA SOCIAL E SAUDE MENTAL,CAMA ELETRICA,17,9,NÃO,Baixo
ASSISTENCIA SOCIAL E SAUDE MENTAL,DESFIBRILADOR-CARDIOVERSOR,1,23,NÃO,Alto
ASSISTENCIA SOCIAL E SAUDE MENTAL,ESFIGMOMANOMETRO ANEROIDE,8,18,NÃO,Baixo
ASSISTENCIA SOCIAL E SAUDE MENTAL,GLICOSIMETRO,1,11,NÃO,Baixo
ASSISTENCIA SOCIAL E SAUDE MENTAL,MEDIDOR PRESSAO VIAS AEREAS,1,11,NÃO,Alto
ASSISTENCIA SOCIAL E SAUDE MENTAL,MONITOR MULTIPARAMETRICO,1,10,NÃO,Baixo
ASSISTENCIA SOCIAL E SAUDE MENTAL,OXIMETRO PULSO,5,4,NÃO,Baixo
ASSISTENCIA SOCIAL E SAUDE MENTAL,VENTILADOR BIPAP/CPAP,5,1,NÃO,Baixo
BANCO DE ARMAZENAMENTO,BANHO MARIA PASTEURIZACAO,2,17,NÃO,Baixo
BANCO DE ARMAZENAMENTO,BANHO RESFRIAMENTO,2,3,NÃO,Alto
BANCO DE ARMAZENAMENTO,BOMBA ORDENHA,1,6,NÃO,Médio
BANCO DE ARMAZENAMENTO,CABINE SEGURANCA BIOLOGICA CL II,1,16,NÃO,Baixo
BANCO DE ARMAZENAMENTO,CENTRIFUGA B B V REFRIGERADA,1,15,NÃO,Baixo
BANCO DE ARMAZENAMENTO,CENTRIFUGA MICRO-AMOSTRA,1,20,NÃO,Baixo
BANCO DE ARMAZENAMENTO,KERATOTOMO,1,9,NÃO,Baixo
BANCO DE ARMAZENAMENTO,LAMPADA FENDA,1,16,NÃO,Alto
BANCO DE ARMAZENAMENTO,MICROSCOPIO ESPECULAR,1,16,NÃO,Alto
BANCO DE ARMAZENAMENTO,MONITOR VIDEO,1,16,NÃO,Alto
BANCO DE ARMAZENAMENTO,REFRIGERADOR FARMACIA VERTICAL,2,3,NÃO,Alto
BANCO DE ARMAZENAMENTO,TERMOMETRO ELETRONICO,8,11,NÃO,Médio
BIOENGENHARIA,ANA BISTURI,1,17,NÃO,Alto
BIOENGENHARIA,ANA DESFIBRILADOR,1,17,NÃO,Médio
BIOENGENHARIA,ANA INFUSAO,1,13,NÃO,Médio
BIOENGENHARIA,ANA SEGURANCA ELETRICA,1,17,NÃO,Baixo
BIOENGENHARIA,BALANCA ELETRONICA PRECISAO,1,18,NÃO,Médio
BIOENGENHARIA,BALANCA PACIENTE PLATAFORMA ELETRONICA,1,32,NÃO,Médio
BIOENGENHARIA,BLENDER,2,11,NÃO,Baixo
BIOENGENHARIA,BOMBA INFUSAO USO GERAL,360,2,NÃO,Médio
BIOENGENHARIA,ESFIGMOMANOMETRO ANEROIDE,28,6,NÃO,Médio
BIOENGENHARIA,ESFIGMOMANOMETRO AUTOMATICO ELETRONICO,1,11,NÃO,Médio
BIOENGENHARIA,GLICOSIMETRO,30,11,NÃO,Médio
BIOENGENHARIA,OSMOSE REVERSA,1,16,NÃO,Médio
BIOENGENHARIA,OXIMETRO PULSO,1,11,NÃO,Baixo
BIOENGENHARIA,RADIOMETRO FOTOTERAPIA,1,7,NÃO,Baixo
BIOENGENHARIA,SIMULADOR PRESSAO SANGUINEA NAO-INVASIVA,2,4,NÃO,Médio
BIOENGENHARIA,SIMULADOR RESPIRATORIO PULMAO,1,14,NÃO,Médio
BIOENGENHARIA,SIMULADOR SAIDA TRANSDUTOR OXIMETRIA PULSO,1,16,NÃO,Médio
BIOENGENHARIA,TERMOMETRO ELETRONICO,2,11,NÃO,Alto
BIOENGENHARIA,URETERORENOSCOPIO,2,3,NÃO,Alto
BIOENGENHARIA,URETEROSCOPIO,1,3,NÃO,Médio
BIOENGENHARIA,VENTILADOR UTI,1,13,NÃO,Alto
CARDIOLOGIA,DESFIBRILADOR-CARDIOVERSOR,1,11,NÃO,Médio
CARDIOLOGIA,ELETROCARDIOGRAFO,4,12,NÃO,Médio
CARDIOLOGIA,GRAVADOR ELETRONICO PA,2,12,NÃO,Alto
CARDIOLOGIA,MAPEADOR REGISTRO PROLONGADO ECG,15,5,NÃO,Baixo
CARDIOLOGIA,MONITOR MULTIPARAMETRICO,1,11,NÃO,Alto
CARDIOLOGIA,NOBREAK,1,1,NÃO,Alto
CARDIOLOGIA,TERMOMETRO ELETRONICO,1,11,NÃO,Alto
CARDIOLOGIA,ULTRASSOM,1,5,NÃO,Baixo
CENTRO CIRURGICO,ACIONADOR-CHAVE,1,8,NÃO,Alto
CENTRO CIRURGICO,ANA LAB HEM COAGULACAO,2,14,SIM,Médio
CENTRO CIRURGICO,APLICADOR CRIOCAUTERIO,1,9,NÃO,Alto
CENTRO CIRURGICO,AQUECEDOR PACIENTE AR FORCADO,15,2,NÃO,Alto
CENTRO CIRURGICO,ARCO CIRURGICO MOVEL,3,3,NÃO,Alto
CENTRO CIRURGICO,ARTROSCOPIO,1,21,NÃO,Alto
CENTRO CIRURGICO,ASPIRADOR CIRURGICO,7,9,NÃO,Baixo
CENTRO CIRURGICO,ASPIRADOR/IRRIGADOR LAPAROSCOPIA,3,21,NÃO,Baixo
CENTRO CIRURGICO,AUTOCLAVE BANCADA,2,4,NÃO,Alto
CENTRO CIRURGICO,BALANCA ELETRONICA,2,32,NÃO,Médio
CENTRO CIRURGICO,BALAO INTRA-AORTICO,1,2,NÃO,Baixo
CENTRO CIRURGICO,BISTURI ELETRONICO MONOPOLAR-BIPOLAR,17,11,NÃO,Baixo
CENTRO CIRURGICO,BOMBA CIRCULACAO,1,11,NÃO,Baixo
CENTRO CIRURGICO,BOMBA INFUSAO SERINGA,12,7,NÃO,Baixo
CENTRO CIRURGICO,BOMBA INFUSAO USO GERAL,6,8,NÃO,Alto
CENTRO CIRURGICO,BRONCOSCOPIO,2,2,NÃO,Baixo
CENTRO CIRURGICO,CADEIRA EXAME-TRATAMENTO,1,14,NÃO,Médio
CENTRO CIRURGICO,CAMERA VIDEO,2,11,NÃO,Alto
CENTRO CIRURGICO,COLCHAO TERMICO,1,16,NÃO,Baixo
CENTRO CIRURGICO,CONSOLE-PAINEL COMANDO,5,4,NÃO,Alto
CENTRO CIRURGICO,DESFIBRILADOR-CARDIOVERSOR,7,14,NÃO,Médio
CENTRO CIRURGICO,DIGITALIZADOR/GRAVADOR VIDEO,4,9,NÃO,Alto
CENTRO CIRURGICO,ELETROCARDIOGRAFO,1,1,NÃO,Médio
CENTRO CIRURGICO,ESFIGMOMANOMETRO ANEROIDE,4,11,NÃO,Alto
CENTRO CIRURGICO,ESTIMULADOR ELETRICO N P MONITORAMENTO BLOQUEIO,1,15,NÃO,Médio
CENTRO CIRURGICO,FIBROSCOPIO INTUBACAO,2,2,NÃO,Médio
CENTRO CIRURGICO,FOCO CIRURGICO,19,20,NÃO,Alto
CENTRO CIRURGICO,FONTE LUZ,1,25,NÃO,Alto
CENTRO CIRURGICO,FONTE LUZ FIBRA OPTICA ENDOSCOPIO FLEXIVEL,2,10,NÃO,Alto
CENTRO CIRURGICO,FONTE LUZ FIBRA OPTICA ENDOSCOPIO RIGIDO MULTIUSO,7,8,NÃO,Baixo
CENTRO CIRURGICO,GLICOSIMETRO,4,11,NÃO,Alto
CENTRO CIRURGICO,IMPRESSORA VIDEO,1,9,NÃO,Baixo
CENTRO CIRURGICO,INJETOR MEIO CONTRASTE,1,1,NÃO,Alto
CENTRO CIRURGICO,INSUFLADOR BAINHA TUBO TRAQUEAL,1,0,SIM,Baixo
CENTRO CIRURGICO,INSUFLADOR LAPAROSCOPIA,6,9,NÃO,Médio
CENTRO CIRURGICO,INSUFLADOR MECANICO LAPAROSCOPIA,1,21,NÃO,Alto
CENTRO CIRURGICO,INTENSIFICADOR IMAGEM,1,16,NÃO,Alto
CENTRO CIRURGICO,LASER DIODO OFTALMOLOGICO,1,27,NÃO,Alto
CENTRO CIRURGICO,LASER HO:YAG CIRURGICO,1,9,NÃO,Médio
CENTRO CIRURGICO,LAVADORA US,2,6,NÃO,Baixo
CENTRO CIRURGICO,LITOTRIPTOR INTRACORPOREO,2,8,NÃO,Alto
CENTRO CIRURGICO,MESA CIRURGICA,20,1,NÃO,Alto
CENTRO CIRURGICO,MICROSCOPIO CIRURGICO,4,2,NÃO,Alto
CENTRO CIRURGICO,MOD CO2 EXALADO,22,11,NÃO,Médio
CENTRO CIRURGICO,MOD PRESSAO INVASIVA,15,19,NÃO,Médio
CENTRO CIRURGICO,MONITOR MULTIPARAMETRICO,37,11,NÃO,Baixo
CENTRO CIRURGICO,MONITOR RESPIRACAO GAS ANESTESICO,13,11,NÃO,Baixo
CENTRO CIRURGICO,MONITOR VIDEO,14,12,NÃO,Baixo
CENTRO CIRURGICO,MOTOR ODONTOLOGICO,2,11,NÃO,Baixo
CENTRO CIRURGICO,NOBREAK,4,1,NÃO,Alto
CENTRO CIRURGICO,OPTICA RIGIDA,1,3,NÃO,Baixo
CENTRO CIRURGICO,OTOSCOPIO,1,0,SIM,Alto
CENTRO CIRURGICO,OXIMETRO PULSO,1,11,NÃO,Alto
CENTRO CIRURGICO,PECA MAO CIRURGICA,3,3,NÃO,Baixo
CENTRO CIRURGICO,PERFURADOR,7,11,NÃO,Alto
CENTRO CIRURGICO,PROCESSADORA IMAGEM VIDEO,8,8,NÃO,Baixo
CENTRO CIRURGICO,PROCESSADORA VIDEO ENDOSCOPIA,5,10,NÃO,Baixo
CENTRO CIRURGICO,PROCTOSIGMOIDOSCOPIO,1,10,NÃO,Baixo
CENTRO CIRURGICO,PROFILAXIA DENTAL,1,11,NÃO,Alto
CENTRO CIRURGICO,PROGRAMADOR ANALISADOR MARCA-PASSO IMPLANTAVEL,1,0,NÃO,Alto
CENTRO CIRURGICO,RACK MODULOS,15,6,NÃO,Baixo
CENTRO CIRURGICO,SELADOR PACOTE,1,27,NÃO,Alto
CENTRO CIRURGICO,SERRA CIRURGICA OSSEA PNEUMATICA OSCILANTE,2,11,NÃO,Médio
CENTRO CIRURGICO,SERRA CIRURGICA OSSEA PNEUMATICA RECIPROCANTE ESTERNO,1,17,NÃO,Baixo
CENTRO CIRURGICO,SERRA OSSEA PNEUMATICA,5,13,NÃO,Alto
CENTRO CIRURGICO,SIS CIRCULACAO EXTRACORPOREA,1,11,NÃO,Alto
CENTRO CIRURGICO,SIS DIGITALIZACAO IMAGEM RADIOGRAFIA,2,11,NÃO,Baixo
CENTRO CIRURGICO,SIS ESTEREOTAXICO NEUROCIRURGICO CABECA,1,3,NÃO,Médio
CENTRO CIRURGICO,SIS IMAGEM DIGITAL ANGIOGRAFICO CARDIOVASCULAR,2,14,NÃO,Alto
CENTRO CIRURGICO,SIS RF SELADOR VASOS,1,0,NÃO,Alto
CENTRO CIRURGICO,TERMOMETRO ELETRONICO,13,11,NÃO,Baixo
CENTRO CIRURGICO,TRICOTOMIZADOR PREOPERATORIO,1,4,NÃO,Baixo
CENTRO CIRURGICO,ULTRASSOM,1,3,NÃO,Alto
CENTRO CIRURGICO,ULTRASSOM PORTATIL,1,11,NÃO,Alto
CENTRO CIRURGICO,UNI ANESTESIA,20,11,NÃO,Alto
CENTRO CIRURGICO,UNI COAGULACAO ARGONIO,2,16,NÃO,Médio
CENTRO CIRURGICO,UNI VITRECTOMIA,1,3,NÃO,Médio
CENTRO CIRURGICO,URETERORENOSCOPIO,2,0,NÃO,Alto
CENTRO CIRURGICO,VAPORIZADOR UNI ANESTESIA,23,10,NÃO,Médio
CENTRO CIRURGICO,VENTILOMETRO,1,0,SIM,Médio
CENTRO CIRURGICO,VIDEO BRONCOSCOPIO,1,10,NÃO,Alto
CENTRO OBSTETRICO,AQUECEDOR CONTRASTE,2,0,SIM,Alto
CENTRO OBSTETRICO,ASPIRADOR CIRURGICO,4,19,NÃO,Alto
CENTRO OBSTETRICO,BALANCA PACIENTE INFANTIL ELETRONICA,1,10,NÃO,Médio
CENTRO OBSTETRICO,BERCO AQUECIDO,6,11,NÃO,Médio
CENTRO OBSTETRICO,BISTURI ELETRONICO MONOPOLAR,1,13,NÃO,Médio
CENTRO OBSTETRICO,BISTURI ELETRONICO MONOPOLAR-BIPOLAR,4,8,NÃO,Baixo
CENTRO OBSTETRICO,BLENDER,3,11,NÃO,Alto
CENTRO OBSTETRICO,BOMBA INFUSAO SERINGA,1,7,NÃO,Médio
CENTRO OBSTETRICO,BOMBA INFUSAO USO GERAL,5,8,NÃO,Alto
CENTRO OBSTETRICO,CAMA ELETRICA,9,9,NÃO,Alto
CENTRO OBSTETRICO,CAMA ELETRICA PARTO,1,10,NÃO,Baixo
CENTRO OBSTETRICO,CARDIOTOCOGRAFO,3,5,NÃO,Baixo
CENTRO OBSTETRICO,DESFIBRILADOR-CARDIOVERSOR,1,13,NÃO,Alto
CENTRO OBSTETRICO,DETECTOR FETAL US CORACAO,4,5,NÃO,Baixo
CENTRO OBSTETRICO,ELETROCARDIOGRAFO,1,0,SIM,Alto
CENTRO OBSTETRICO,ESFIGMOMANOMETRO ANEROIDE,4,11,NÃO,Médio
CENTRO OBSTETRICO,FOCO CIRURGICO,2,10,NÃO,Alto
CENTRO OBSTETRICO,GLICOSIMETRO,3,11,NÃO,Baixo
CENTRO OBSTETRICO,INCUBADORA RN TRANSPORTE,1,10,NÃO,Alto
CENTRO OBSTETRICO,MESA CIRURGICA,5,5,NÃO,Baixo
CENTRO OBSTETRICO,MICROSCOPIO LAB FLUORESCENCIA,1,11,NÃO,Médio
CENTRO OBSTETRICO,MONITOR MULTIPARAMETRICO,21,10,NÃO,Baixo
CENTRO OBSTETRICO,MONITOR RESPIRACAO GAS ANESTESICO,3,8,NÃO,Médio
CENTRO OBSTETRICO,REANIMADOR PULMONAR PNEUMATICO,4,4,NÃO,Alto
CENTRO OBSTETRICO,TERMOMETRO ELETRONICO,6,11,NÃO,Baixo
CENTRO OBSTETRICO,UNI ANESTESIA,4,5,NÃO,Alto
CENTRO OBSTETRICO,VAPORIZADOR UNI ANESTESIA,6,5,NÃO,Baixo
CLINICA MEDICA E CIRURGICA,ASPIRADOR CIRURGICO,3,23,NÃO,Alto
CLINICA MEDICA E CIRURGICA,BALANCA ELETRONICA,1,16,NÃO,Médio
CLINICA MEDICA E CIRURGICA,BALANCA PACIENTE PLATAFORMA ELETRONICA,4,17,NÃO,Alto
CLINICA MEDICA E CIRURGICA,BALANCA PACIENTE PLATAFORMA MECANICA,1,23,NÃO,Baixo
CLINICA MEDICA E CIRURGICA,BOMBA CIRCULACAO,2,3,NÃO,Alto
CLINICA MEDICA E CIRURGICA,BOMBA INFUSAO USO GERAL,55,9,NÃO,Baixo
CLINICA MEDICA E CIRURGICA,CAMA ELETRICA,149,10,NÃO,Baixo
CLINICA MEDICA E CIRURGICA,DESFIBRILADOR-CARDIOVERSOR,6,12,NÃO,Alto
CLINICA MEDICA E CIRURGICA,ELETROCARDIOGRAFO,4,18,NÃO,Médio
CLINICA MEDICA E CIRURGICA,ESFIGMOMANOMETRO ANEROIDE,111,11,NÃO,Alto
CLINICA MEDICA E CIRURGICA,FOCO CIRURGICO,1,22,NÃO,Médio
CLINICA MEDICA E CIRURGICA,FOCO CLINICO,1,16,NÃO,Baixo
CLINICA MEDICA E CIRURGICA,FONTE LUZ,1,16,NÃO,Baixo
CLINICA MEDICA E CIRURGICA,GLICOSIMETRO,19,11,NÃO,Baixo
CLINICA MEDICA E CIRURGICA,MONITOR MULTIPARAMETRICO,62,19,NÃO,Alto
CLINICA MEDICA E CIRURGICA,OFTALMOSCOPIO,1,11,NÃO,Baixo
CLINICA MEDICA E CIRURGICA,OXIMETRO PULSO,4,27,NÃO,Alto
CLINICA MEDICA E CIRURGICA,RAIO-X MOVEL,4,13,NÃO,Alto
CLINICA MEDICA E CIRURGICA,TERMOMETRO ELETRONICO,6,11,NÃO,Médio
CLINICA MEDICA E CIRURGICA,UNI RADIOGRAFICA ODONTOLOGICA INTRA-ORAL,1,10,NÃO,Baixo
CME,AUTOCLAVE GRANDE PORTE,3,3,NÃO,Alto
CME,BALAO INTRA-AORTICO,1,18,NÃO,Baixo
CME,INCUBADORA,1,0,SIM,Baixo
CME,INCUBADORA LAB TESTE TUBO ENSAIO PORTATIL,1,11,NÃO,Alto
CME,LAVADORA US,1,6,NÃO,Alto
CME,LEITOR CODIGO BARRAS,15,7,NÃO,Médio
CME,OSMOSE REVERSA,6,3,NÃO,Baixo
CME,PISTOLA AR/AGUA PRESSURIZADO,1,2,NÃO,Médio
CME,SECADOR CIRCUITO RESPIRATORIO EXTERNO,3,8,NÃO,Médio
CME,SELADOR PACOTE,4,1,NÃO,Alto
CME,TERMODESINFECTORA,3,8,NÃO,Baixo
CME,TERMOMETRO ELETRONICO,7,11,NÃO,Médio
CME,UNI ESTERILIZACAO PLASMA,1,0,SIM,Alto
ENFERMARIA,BALANCA ELETRONICA,3,32,NÃO,Médio
ENFERMARIA,BALANCA PACIENTE INFANTIL,2,19,NÃO,Baixo
ENFERMARIA,BALANCA PACIENTE INFANTIL ELETRONICA,1,22,NÃO,Baixo
ENFERMARIA,BLENDER,1,11,NÃO,Baixo
ENFERMARIA,BOMBA CIRCULACAO,2,3,NÃO,Médio
ENFERMARIA,BOMBA INFUSAO SERINGA,2,8,NÃO,Médio
ENFERMARIA,BOMBA INFUSAO USO GERAL,11,5,NÃO,Alto
ENFERMARIA,CAMA ELETRICA,37,10,NÃO,Médio
ENFERMARIA,CAMA ELETRICA ROTATIVA BASCULANTE,9,1,NÃO,Alto
ENFERMARIA,DESFIBRILADOR-CARDIOVERSOR,1,13,NÃO,Alto
ENFERMARIA,ESFIGMOMANOMETRO ANEROIDE,15,12,NÃO,Médio
ENFERMARIA,ESTETOSCOPIO MECANICO,4,12,NÃO,Alto
ENFERMARIA,FOCO CIRURGICO,1,20,NÃO,Médio
ENFERMARIA,GLICOSIMETRO,3,11,NÃO,Alto
ENFERMARIA,MONITOR MULTIPARAMETRICO,17,10,NÃO,Médio
ENFERMARIA,RAIO-X MOVEL,1,13,NÃO,Baixo
ENFERMARIA,TERMOMETRO ELETRONICO,4,11,NÃO,Alto
ENFERMARIA,UMIDIFICADOR AQUECEDOR,11,14,NÃO,Alto
ENFERMARIA,VENTILADOR UTI,3,14,NÃO,Baixo
FARMACIA,REFRIGERADOR FARMACIA VERTICAL,5,9,NÃO,Médio
FARMACIA,SELADOR PACOTE,18,15,NÃO,Alto
FARMACIA,TERMOMETRO ELETRONICO,30,11,NÃO,Baixo
HOSPITAL ODONTOLOGICO,GLICOSIMETRO,5,11,NÃO,Médio
INTERNACAO,BALANCA PACIENTE PLATAFORMA ELETRONICA,1,0,SIM,Médio
INTERNACAO,BOMBA INFUSAO USO GERAL,3,9,NÃO,Médio
INTERNACAO,CAMA ELETRICA,1,10,NÃO,Baixo
INTERNACAO,ELETROCARDIOGRAFO,2,0,SIM,Médio
INTERNACAO,ESFIGMOMANOMETRO ANEROIDE,10,11,NÃO,Médio
INTERNACAO,GLICOSIMETRO,3,11,NÃO,Médio
INTERNACAO,MONITOR MULTIPARAMETRICO,1,2,NÃO,Médio
LABORATORIO,AGITADOR LAB,4,5,NÃO,Médio
LABORATORIO,ANA LAB BIOQUIMICO,5,7,NÃO,Baixo
LABORATORIO,ANA LAB GAS SANGUINEO-PH-ELETROLITO,2,7,NÃO,Baixo
LABORATORIO,ANA LAB HEM CTG CELULA MANUAL,2,15,NÃO,Baixo
LABORATORIO,ANA LAB HEM HEMOGLOBINA,1,8,NÃO,Médio
LABORATORIO,ANA LAB IMUNOENSAIO FLUORIMETRICO,1,11,NÃO,Médio
LABORATORIO,ANA LAB MICROBIOLOGICO,2,15,NÃO,Médio
LABORATORIO,AUTOCLAVE,2,13,NÃO,Médio
LABORATORIO,AUTOCLAVE BANCADA,1,19,NÃO,Alto
LABORATORIO,BALANCA ELETRONICA,2,3,NÃO,Médio
LABORATORIO,BALANCA ELETRONICA ANALITICA,2,23,NÃO,Baixo
LABORATORIO,BALANCA PACIENTE INFANTIL,1,20,NÃO,Alto
LABORATORIO,BANHO FLUTUACAO TECIDO,5,4,NÃO,Alto
LABORATORIO,BANHO SECO,1,6,NÃO,Baixo
LABORATORIO,CABINE SEGURANCA BIOLOGICA CL II A-1,4,27,NÃO,Baixo
LABORATORIO,CENTRAL INCLUSAO TECIDO,4,16,NÃO,Médio
LABORATORIO,CENTRIFUGA B A V,2,1,NÃO,Alto
LABORATORIO,CENTRIFUGA B B V,10,22,NÃO,Alto
LABORATORIO,CENTRIFUGA B B V REFRIGERADA,1,6,NÃO,Médio
LABORATORIO,CENTRIFUGA CITOLOGICA,2,18,NÃO,Médio
LABORATORIO,CORADOR LAMINA,1,9,NÃO,Médio
LABORATORIO,CRIOSTATO,1,12,NÃO,Alto
LABORATORIO,DISPENSADOR PARAFINA,2,6,NÃO,Alto
LABORATORIO,ESPECTROFOTOMETRO,1,15,NÃO,Baixo
LABORATORIO,ESTABILIZADOR TENSAO REDE,1,17,NÃO,Alto
LABORATORIO,ESTUFA ESTERILIZACAO,4,45,NÃO,Baixo
LABORATORIO,FLUXO LAMINAR,1,20,NÃO,Alto
LABORATORIO,FREEZER LAB MULTIUSO VERTICAL,2,15,NÃO,Baixo
LABORATORIO,FREEZER LAB U B T VERTICAL,1,4,NÃO,Médio
LABORATORIO,HOMOGENEIZADOR,1,10,NÃO,Alto
LABORATORIO,INCUBADORA,10,34,NÃO,Médio
LABORATORIO,INCUBADORA CO2,2,8,NÃO,Baixo
LABORATORIO,LEITOR CODIGO BARRAS,8,5,NÃO,Médio
LABORATORIO,LEITORA ELISA,1,15,NÃO,Baixo
LABORATORIO,MEDIDOR PH,2,9,NÃO,Médio
LABORATORIO,MICROSCOPIO LAB,33,32,NÃO,Médio
LABORATORIO,MICROSCOPIO LAB CAMPO CLARO,8,11,NÃO,Alto
LABORATORIO,MICROSCOPIO LAB FLUORESCENCIA,5,35,NÃO,Médio
LABORATORIO,MICROTOMO ROTATIVO,5,2,NÃO,Médio
LABORATORIO,NOBREAK,1,4,NÃO,Alto
LABORATORIO,PANELA PRESSAO,1,1,NÃO,Médio
LABORATORIO,PIPETA,98,3,NÃO,Médio
LABORATORIO,PIPETADOR,4,3,NÃO,Baixo
LABORATORIO,PROCESSADORA AUTOMATICA TECIDO,1,15,NÃO,Médio
LABORATORIO,REFRIGERADOR FARMACIA VERTICAL,9,8,NÃO,Alto
LABORATORIO,TERMOMETRO ELETRONICO,29,11,NÃO,Médio
LABORATORIO,ULTRASSOM,1,16,NÃO,Alto
MATERNIDADE,AUTOCLAVE GRANDE PORTE,1,5,NÃO,Médio
MATERNIDADE,BALANCA ELETRONICA,3,14,NÃO,Médio
MATERNIDADE,BALANCA ELETRONICA PRECISAO,3,25,NÃO,Médio
MATERNIDADE,BALANCA PACIENTE INFANTIL ELETRONICA,3,11,NÃO,Médio
MATERNIDADE,BALANCA PACIENTE PLATAFORMA ELETRONICA,1,15,NÃO,Baixo
MATERNIDADE,BERCO AQUECIDO,1,32,NÃO,Médio
MATERNIDADE,BILIRRUBINOMETRO,1,4,NÃO,Baixo
MATERNIDADE,BOMBA ORDENHA,1,5,NÃO,Alto
MATERNIDADE,CAMA ELETRICA,34,9,NÃO,Médio
MATERNIDADE,DESFIBRILADOR-CARDIOVERSOR,1,6,NÃO,Baixo
MATERNIDADE,DETECTOR FETAL US CORACAO,4,11,NÃO,Baixo
MATERNIDADE,ESFIGMOMANOMETRO ANEROIDE,23,6,NÃO,Médio
MATERNIDADE,FOCO CLINICO,1,20,NÃO,Baixo
MATERNIDADE,FOTOTERAPIA HIPERBILIRRUBINEMIA,2,9,NÃO,Médio
MATERNIDADE,GLICOSIMETRO,1,11,NÃO,Baixo
MATERNIDADE,MONITOR MULTIPARAMETRICO,5,10,NÃO,Baixo
MATERNIDADE,RADIOMETRO FOTOTERAPIA,1,9,NÃO,Alto
MATERNIDADE,TERMOMETRO ELETRONICO,9,11,NÃO,Alto
NEFROLOGIA E HEMODIALISE,ASPIRADOR CIRURGICO,1,16,NÃO,Alto
NEFROLOGIA E HEMODIALISE,BALANCA PACIENTE PLATAFORMA ELETRONICA,2,10,NÃO,Alto
NEFROLOGIA E HEMODIALISE,BOMBA INFUSAO USO GERAL,2,5,NÃO,Médio
NEFROLOGIA E HEMODIALISE,CADEIRA COLETA SANGUE,1,16,NÃO,Médio
NEFROLOGIA E HEMODIALISE,CENTRAL GERADORA DE OZONIO,1,5,NÃO,Médio
NEFROLOGIA E HEMODIALISE,DESFIBRILADOR-CARDIOVERSOR,1,12,NÃO,Alto
NEFROLOGIA E HEMODIALISE,ELETROCARDIOGRAFO,1,12,NÃO,Baixo
NEFROLOGIA E HEMODIALISE,ESFIGMOMANOMETRO ANEROIDE,4,4,NÃO,Alto
NEFROLOGIA E HEMODIALISE,ESFIGMOMANOMETRO AUTOMATICO OSCILOMETRICO,1,0,NÃO,Alto
NEFROLOGIA E HEMODIALISE,GLICOSIMETRO,4,11,NÃO,Alto
NEFROLOGIA E HEMODIALISE,MONITOR MULTIPARAMETRICO,4,10,NÃO,Baixo
NEFROLOGIA E HEMODIALISE,OSMOSE REVERSA,2,19,NÃO,Alto
NEFROLOGIA E HEMODIALISE,OXIMETRO PULSO,1,123,NÃO,Baixo
NEFROLOGIA E HEMODIALISE,POLTRONA DIALISE/DOADOR,8,8,SIM,Baixo
NEFROLOGIA E HEMODIALISE,REPROCESSADOR DIALISADOR,2,5,NÃO,Baixo
NEFROLOGIA E HEMODIALISE,TERMOMETRO ELETRONICO,4,11,NÃO,Baixo
NEFROLOGIA E HEMODIALISE,TRICOTOMIZADOR PREOPERATORIO,1,4,NÃO,Alto
NEFROLOGIA E HEMODIALISE,UNI HEMODIALISE,29,0,NÃO,Médio
NUTRICAO,BALANCA ELETRONICA,2,3,NÃO,Baixo
NUTRICAO,BALANCA PACIENTE INFANTIL ELETRONICA,1,17,NÃO,Alto
NUTRICAO,BOMBA INFUSAO USO GERAL,2,5,NÃO,Médio
ONCOLOGIA,ACELERADOR LINEAR,3,2,NÃO,Alto
ONCOLOGIA,BALANCA PACIENTE PLATAFORMA ELETRONICA,4,14,NÃO,Baixo
ONCOLOGIA,BANHO MARIA LABORATORIAL,2,0,SIM,Alto
ONCOLOGIA,BISTURI ELETRONICO MONOPOLAR-BIPOLAR,1,11,NÃO,Alto
ONCOLOGIA,BOMBA INFUSAO USO GERAL,28,4,NÃO,Baixo
ONCOLOGIA,CADEIRA EXAME-TRATAMENTO,1,10,NÃO,Alto
ONCOLOGIA,CAMA ELETRICA,24,9,NÃO,Alto
ONCOLOGIA,DESFIBRILADOR-CARDIOVERSOR,2,28,NÃO,Alto
ONCOLOGIA,ELETROMETRO,1,15,NÃO,Médio
ONCOLOGIA,GLICOSIMETRO,6,11,NÃO,Alto
ONCOLOGIA,IMPRESSORA LASER,1,8,NÃO,Baixo
ONCOLOGIA,INSUFLADOR BAINHA TUBO TRAQUEAL,3,0,SIM,Baixo
ONCOLOGIA,LASER DIODO ODONTOLOGICO,1,8,NÃO,Alto
ONCOLOGIA,MESA CIRURGICA,1,15,NÃO,Baixo
ONCOLOGIA,MONITOR MULTIPARAMETRICO,10,2,NÃO,Médio
ONCOLOGIA,OTOSCOPIO,2,0,SIM,Alto
ONCOLOGIA,OXIMETRO PULSO,2,11,NÃO,Médio
ONCOLOGIA,RAIO-X,1,14,NÃO,Baixo
ONCOLOGIA,RAIO-X MOVEL,1,11,NÃO,Médio
ONCOLOGIA,SIS DIGITALIZACAO IMAGEM RADIOGRAFIA,1,4,NÃO,Médio
ONCOLOGIA,TERMOMETRO ELETRONICO,4,11,NÃO,Alto
ONCOLOGIA,TOMOGRAFO COMPUTADORIZADO,1,7,NÃO,Médio
ONCOLOGIA,ULTRASSOM,1,7,NÃO,Alto
ONCOLOGIA,UNI ANESTESIA,2,9,NÃO,Médio
ONCOLOGIA,VENTILADOR,1,28,NÃO,Alto
OUTROS,BANHO MARIA LABORATORIAL,1,0,SIM,Baixo
OUTROS,CAMA ELETRICA,2,10,NÃO,Médio
OUTROS,CAPELA EXAUSTAO,1,16,NÃO,Alto
OUTROS,CENTRIFUGA B B V,1,18,NÃO,Médio
OUTROS,EQUIPO ODONTOLOGICO,1,4,NÃO,Alto
OUTROS,ESFIGMOMANOMETRO ANEROIDE,1,7,NÃO,Médio
OUTROS,INCUBADORA LABORATORIAL AGITACAO/ROTACAO,1,12,NÃO,Baixo
OUTROS,LEITORA MICROPLACA,1,16,NÃO,Médio
OUTROS,MONITOR MULTIPARAMETRICO,1,11,NÃO,Alto
OUTROS,NOBREAK,1,6,NÃO,Médio
OUTROS,PIPETA,1,3,NÃO,Baixo
OUTROS,REFRIGERADOR ALIMENTO VERTICAL,2,6,NÃO,Baixo
OUTROS,TERMOCICLADOR,1,17,NÃO,Médio
OUTROS,TERMOMETRO ELETRONICO,1,11,NÃO,Baixo
OUTROS,UMIDIFICADOR AQUECEDOR,1,17,NÃO,Alto
PRONTO SOCORRO,BALANCA ELETRONICA,1,19,NÃO,Médio
PRONTO SOCORRO,BALANCA PACIENTE INFANTIL,1,20,NÃO,Médio
PRONTO SOCORRO,BALANCA PACIENTE PLATAFORMA ELETRONICA,3,17,NÃO,Médio
PRONTO SOCORRO,BERCO AQUECIDO,1,20,NÃO,Médio
PRONTO SOCORRO,BOMBA INFUSAO USO GERAL,124,11,NÃO,Médio
PRONTO SOCORRO,CAMA ELETRICA,63,10,NÃO,Alto
PRONTO SOCORRO,CARDIOTOCOGRAFO,2,13,NÃO,Médio
PRONTO SOCORRO,COLCHAO INFLAVEL PRESSAO ALTERNADA,1,11,NÃO,Baixo
PRONTO SOCORRO,DESFIBRILADOR-CARDIOVERSOR,7,13,NÃO,Médio
PRONTO SOCORRO,DETECTOR FETAL US CORACAO,3,6,NÃO,Alto
PRONTO SOCORRO,DIGITALIZADOR IMAGENS,1,1,NÃO,Alto
PRONTO SOCORRO,ELETROCARDIOGRAFO,9,16,NÃO,Alto
PRONTO SOCORRO,ESFIGMOMANOMETRO ANEROIDE,25,8,NÃO,Alto
PRONTO SOCORRO,FOCO CIRURGICO,1,10,NÃO,Alto
PRONTO SOCORRO,FOCO CLINICO,3,3,NÃO,Baixo
PRONTO SOCORRO,GLICOSIMETRO,25,11,NÃO,Baixo
PRONTO SOCORRO,LAMPADA FENDA,2,8,NÃO,Médio
PRONTO SOCORRO,MARCA-PASSO CARDIACO-ELETRODO INVASIVO,1,11,NÃO,Médio
PRONTO SOCORRO,MOD PRESSAO INVASIVA,2,19,NÃO,Médio
PRONTO SOCORRO,MONITOR MULTIPARAMETRICO,100,19,NÃO,Alto
PRONTO SOCORRO,OFTALMOSCOPIO,2,43,NÃO,Alto
PRONTO SOCORRO,OTO-OFTALMOSCOPIO,1,12,NÃO,Médio
PRONTO SOCORRO,OXIMETRO PULSO,7,22,NÃO,Baixo
PRONTO SOCORRO,RAIO-X,1,15,NÃO,Baixo
PRONTO SOCORRO,RAIO-X MOVEL,5,31,NÃO,Alto
PRONTO SOCORRO,SERRA GESSO ELETRICA,2,8,NÃO,Médio
PRONTO SOCORRO,TERMOMETRO ELETRONICO,10,11,NÃO,Médio
PRONTO SOCORRO,ULTRASSOM,3,11,NÃO,Médio
PRONTO SOCORRO,UMIDIFICADOR AQUECEDOR,2,21,NÃO,Alto
PRONTO SOCORRO,VENTILADOR UTI,4,13,NÃO,Alto
QUEIMADOS,ASPIRADOR CIRURGICO,1,19,NÃO,Alto
QUEIMADOS,BALANCA PACIENTE INFANTIL,1,20,NÃO,Baixo
QUEIMADOS,BALANCA PACIENTE PLATAFORMA ELETRONICA,1,13,NÃO,Alto
QUEIMADOS,BOMBA INFUSAO USO GERAL,4,11,NÃO,Baixo
QUEIMADOS,CAMA ELETRICA,8,10,NÃO,Alto
QUEIMADOS,DERMATOMO ELETRICO,1,8,NÃO,Médio
QUEIMADOS,DESFIBRILADOR-CARDIOVERSOR,1,13,NÃO,Médio
QUEIMADOS,ESFIGMOMANOMETRO ANEROIDE,13,8,NÃO,Alto
QUEIMADOS,FOCO CLINICO,2,16,NÃO,Alto
QUEIMADOS,MONITOR MULTIPARAMETRICO,5,10,NÃO,Médio
QUEIMADOS,NEGATOSCOPIO,1,18,NÃO,Alto
QUEIMADOS,OXIMETRO PULSO,2,11,NÃO,Baixo
QUEIMADOS,TERMOMETRO ELETRONICO,3,11,NÃO,Médio
SETOR DE EXAMES GERAIS,BALANCA PACIENTE PLATAFORMA ELETRONICA,1,7,NÃO,Médio
SETOR DE EXAMES GERAIS,CAMA ELETRICA,4,10,NÃO,Baixo
SETOR DE EXAMES GERAIS,CICLO ERGOMETRO,1,6,NÃO,Médio
SETOR DE EXAMES GERAIS,ELETROCARDIOGRAFO,1,12,NÃO,Baixo
SETOR DE EXAMES GERAIS,ELETROMIOGRAFO,1,14,NÃO,Baixo
SETOR DE EXAMES GERAIS,ESFIGMOMANOMETRO ANEROIDE,1,14,NÃO,Alto
SETOR DE EXAMES GERAIS,ESPIROMETRO DIAGNOSTICO,3,5,NÃO,Alto
SETOR DE EXAMES GERAIS,GLICOSIMETRO,1,11,NÃO,Médio
SETOR DE EXAMES GERAIS,MONITOR EEG,7,6,NÃO,Baixo
SETOR DE EXAMES GERAIS,PROGRAMADOR ANALISADOR MARCA-PASSO IMPLANTAVEL,1,0,NÃO,Médio
SETOR DE IMAGENS,ASPIRADOR CIRURGICO,5,19,NÃO,Médio
SETOR DE IMAGENS,BALANCA PACIENTE PLATAFORMA ELETRONICA,2,35,NÃO,Médio
SETOR DE IMAGENS,BISTURI ELETRONICO MONOPOLAR-BIPOLAR,2,8,NÃO,Médio
SETOR DE IMAGENS,BOMBA CIRCULACAO,1,13,NÃO,Baixo
SETOR DE IMAGENS,BOMBA INFUSAO USO GERAL,1,6,NÃO,Alto
SETOR DE IMAGENS,CAMA ELETRICA,2,10,NÃO,Médio
SETOR DE IMAGENS,DESFIBRILADOR-CARDIOVERSOR,4,11,NÃO,Médio
SETOR DE IMAGENS,DIGITALIZADOR IMAGENS,4,1,NÃO,Médio
SETOR DE IMAGENS,ELETROCARDIOGRAFO,1,3,NÃO,Alto
SETOR DE IMAGENS,ESFIGMOMANOMETRO ANEROIDE,18,11,NÃO,Alto
SETOR DE IMAGENS,ESPIROMETRO DIAGNOSTICO,1,3,NÃO,Alto
SETOR DE IMAGENS,ESTEIRA ERGOMETRICA,2,3,NÃO,Baixo
SETOR DE IMAGENS,FOCO CLINICO,1,31,NÃO,Alto
SETOR DE IMAGENS,FONTE LUZ FIBRA OPTICA ENDOSCOPIO FLEXIVEL,11,17,NÃO,Médio
SETOR DE IMAGENS,FONTE LUZ FIBRA OPTICA ENDOSCOPIO RIGIDO MULTIUSO,1,1,NÃO,Baixo
SETOR DE IMAGENS,GASTROSCOPIO FLEXIVEL,4,10,NÃO,Médio
SETOR DE IMAGENS,GLICOSIMETRO,2,11,NÃO,Baixo
SETOR DE IMAGENS,GRAVADOR ELETRONICO PH,3,10,NÃO,Baixo
SETOR DE IMAGENS,IMPRESSORA VIDEO,10,14,NÃO,Médio
SETOR DE IMAGENS,INJETOR MEIO CONTRASTE,2,15,NÃO,Alto
SETOR DE IMAGENS,MAMOGRAFO,1,13,NÃO,Alto
SETOR DE IMAGENS,MOD CO2 EXALADO,2,14,NÃO,Alto
SETOR DE IMAGENS,MONITOR MULTIPARAMETRICO,17,10,NÃO,Médio
SETOR DE IMAGENS,MONITOR VIDEO,13,11,NÃO,Médio
SETOR DE IMAGENS,NOBREAK,12,11,NÃO,Alto
SETOR DE IMAGENS,OXIMETRO PULSO,1,16,NÃO,Alto
SETOR DE IMAGENS,PISTOLA AR/AGUA PRESSURIZADO,1,2,NÃO,Baixo
SETOR DE IMAGENS,POLIGRAFO,1,13,NÃO,Baixo
SETOR DE IMAGENS,PROCESSADORA IMAGEM VIDEO,3,17,NÃO,Baixo
SETOR DE IMAGENS,PROCESSADORA VIDEO ENDOSCOPIA,10,10,NÃO,Médio
SETOR DE IMAGENS,RAIO-X,1,15,NÃO,Médio
SETOR DE IMAGENS,RAIO-X MOVEL,3,1,NÃO,Baixo
SETOR DE IMAGENS,REPROCESSADORA ENDOSCOPIO FLEXIVEL,2,1,NÃO,Médio
SETOR DE IMAGENS,RESSONANCIA MAGNETICA,1,11,NÃO,Alto
SETOR DE IMAGENS,SINCRONIZADOR UNI RADIOGRAFICA,1,11,NÃO,Baixo
SETOR DE IMAGENS,SIS DIGITALIZACAO IMAGEM RADIOGRAFIA,1,11,NÃO,Médio
SETOR DE IMAGENS,SIS RADIOGRAFICO-FLUOROSCOPICO,3,11,NÃO,Médio
SETOR DE IMAGENS,TECLADO,1,9,NÃO,Médio
SETOR DE IMAGENS,TERMOMETRO ELETRONICO,5,11,NÃO,Alto
SETOR DE IMAGENS,TOMOGRAFO COMPUTADORIZADO,2,11,NÃO,Alto
SETOR DE IMAGENS,ULTRASSOM,5,3,NÃO,Alto
SETOR DE IMAGENS,ULTRASSOM PORTATIL,3,12,NÃO,Alto
SETOR DE IMAGENS,UNI ANESTESIA,6,10,NÃO,Alto
SETOR DE IMAGENS,UNI COAGULACAO ARGONIO,2,3,NÃO,Alto
SETOR DE IMAGENS,VAPORIZADOR UNI ANESTESIA,6,10,NÃO,Alto
SETOR DE IMAGENS,VIDEO COLONOSCOPIO,14,21,NÃO,Alto
SETOR DE IMAGENS,VIDEO DUODENOSCOPIO,5,123,NÃO,Alto
SETOR DE IMAGENS,VIDEO GASTROSCOPIO,21,17,NÃO,Médio
SETOR DE TERAPIA ONCOLOGICA,BALANCA PACIENTE PLATAFORMA ELETRONICA,1,0,SIM,Médio
SETOR DE TERAPIA ONCOLOGICA,BOMBA INFUSAO USO GERAL,3,8,NÃO,Baixo
SETOR DE TERAPIA ONCOLOGICA,BRAQUITERAPIA CARREGAMENTO REMOTO,1,14,NÃO,Médio
SETOR DE TERAPIA ONCOLOGICA,CAMA ELETRICA,6,11,NÃO,Alto
SETOR DE TERAPIA ONCOLOGICA,DESFIBRILADOR-CARDIOVERSOR,1,16,NÃO,Alto
SETOR DE TERAPIA ONCOLOGICA,ELETROCARDIOGRAFO,2,0,SIM,Alto
SETOR DE TERAPIA ONCOLOGICA,ELETROMETRO,1,14,NÃO,Baixo
SETOR DE TERAPIA ONCOLOGICA,ESFIGMOMANOMETRO ANEROIDE,13,11,NÃO,Baixo
SETOR DE TERAPIA ONCOLOGICA,FOCO CLINICO,1,14,NÃO,Baixo
SETOR DE TERAPIA ONCOLOGICA,FREEZER LAB U B T VERTICAL,2,0,NÃO,Baixo
SETOR DE TERAPIA ONCOLOGICA,INJETOR MEIO CONTRASTE,1,11,NÃO,Baixo
SETOR DE TERAPIA ONCOLOGICA,LASER DIODO ODONTOLOGICO,1,12,NÃO,Baixo
SETOR DE TERAPIA ONCOLOGICA,MEDIDOR INSPECAO RADIACAO GEIGER-MULLER,1,24,NÃO,Médio
SETOR DE TERAPIA ONCOLOGICA,MONITOR MULTIPARAMETRICO,3,11,NÃO,Alto
SETOR DE TERAPIA ONCOLOGICA,MONITOR VIDEO,1,11,NÃO,Baixo
SETOR DE TERAPIA ONCOLOGICA,OXIMETRO PULSO,2,11,NÃO,Baixo
SETOR DE TERAPIA ONCOLOGICA,PROCESSADORA IMAGEM VIDEO,1,5,NÃO,Alto
SETOR DE TERAPIA ONCOLOGICA,UNI ANESTESIA,1,3,NÃO,Médio
SETOR DE TERAPIA ONCOLOGICA,VAPORIZADOR UNI ANESTESIA,1,10,NÃO,Baixo
TRANSPLANTES,ASPIRADOR CIRURGICO,1,16,NÃO,Baixo
TRANSPLANTES,BALANCA ELETRONICA,1,17,NÃO,Alto
TRANSPLANTES,BOMBA INFUSAO USO GERAL,8,2,NÃO,Alto
TRANSPLANTES,CAMA ELETRICA,7,10,NÃO,Baixo
TRANSPLANTES,DESFIBRILADOR-CARDIOVERSOR,2,1,NÃO,Baixo
TRANSPLANTES,ESFIGMOMANOMETRO ANEROIDE,1,11,NÃO,Baixo
TRANSPLANTES,FOCO CLINICO,1,17,NÃO,Baixo
TRANSPLANTES,GLICOSIMETRO,1,11,NÃO,Baixo
TRANSPLANTES,MONITOR MULTIPARAMETRICO,11,11,NÃO,Médio
TRANSPLANTES,OSMOSE REVERSA,8,16,NÃO,Alto
TRANSPLANTES,TERMOMETRO ELETRONICO,6,11,NÃO,Alto
TRANSPLANTES,ULTRASSOM PORTATIL,1,0,SIM,Alto
TRANSPLANTES,UNI HEMODIALISE,11,9,NÃO,Baixo
TRAUMATOLOGIA E ORTOPEDIA,BICICLETA ERGOMETRICA,1,11,NÃO,Alto
TRAUMATOLOGIA E ORTOPEDIA,DESFIBRILADOR-CARDIOVERSOR,1,14,NÃO,Médio
TRAUMATOLOGIA E ORTOPEDIA,DIGITALIZADOR IMAGENS,1,1,NÃO,Baixo
TRAUMATOLOGIA E ORTOPEDIA,ESFIGMOMANOMETRO ANEROIDE,1,10,NÃO,Médio
TRAUMATOLOGIA E ORTOPEDIA,SERRA GESSO ELETRICA,2,8,NÃO,Baixo
UNIDADE DE SAUDE DA MULHER,CAMA ELETRICA,2,9,NÃO,Médio
UNIDADE DE SAUDE DA MULHER,DETECTOR FETAL US CORACAO,1,5,NÃO,Médio
UTI,ANA LAB GAS SANGUINEO-PH,3,19,NÃO,Médio
UTI,AQUECEDOR PACIENTE AR FORCADO,2,2,NÃO,Médio
UTI,ASPIRADOR CIRURGICO,5,23,NÃO,Baixo
UTI,BALANCA ELETRONICA,1,8,NÃO,Baixo
UTI,BALANCA PACIENTE INFANTIL,13,14,NÃO,Alto
UTI,BALANCA PACIENTE INFANTIL ELETRONICA,8,22,NÃO,Médio
UTI,BALANCA PACIENTE LEITO PRANCHA,1,3,NÃO,Baixo
UTI,BALANCA PACIENTE PLATAFORMA ELETRONICA,1,32,NÃO,Baixo
UTI,BALANCA PACIENTE PLATAFORMA MECANICA,2,4,NÃO,Baixo
UTI,BERCO AQUECIDO,23,11,NÃO,Alto
UTI,BIOIMPEDANCIOMETRO,1,3,NÃO,Alto
UTI,BISTURI ELETRONICO MONOPOLAR-BIPOLAR,2,11,NÃO,Baixo
UTI,BLENDER,24,13,NÃO,Médio
UTI,BOMBA CIRCULACAO,2,3,NÃO,Alto
UTI,BOMBA INFUSAO SERINGA,25,8,NÃO,Médio
UTI,BOMBA INFUSAO USO GERAL,45,9,NÃO,Alto
UTI,CAMA ELETRICA,68,10,NÃO,Alto
UTI,CENTRAL MONITORIZACAO,1,8,NÃO,Alto
UTI,COLCHAO INFLAVEL PRESSAO ALTERNADA,1,5,NÃO,Baixo
UTI,DENSITOMETRO LAB LIQUIDO URINA,2,4,NÃO,Alto
UTI,DESFIBRILADOR-CARDIOVERSOR,12,18,SIM,Baixo
UTI,DOPPLER TRANSCRANIANO,1,10,NÃO,Alto
UTI,ELETROCARDIOGRAFO,6,12,NÃO,Baixo
UTI,ESFIGMOMANOMETRO ANEROIDE,4,14,NÃO,Baixo
UTI,ESTEREOMICROSCOPIO,1,34,NÃO,Baixo
UTI,FOCO CIRURGICO,1,10,NÃO,Baixo
UTI,FOCO CLINICO,3,17,NÃO,Baixo
UTI,FONTE LUZ,2,16,NÃO,Alto
UTI,FOTOTERAPIA HIPERBILIRRUBINEMIA,26,9,NÃO,Alto
UTI,GLICOSIMETRO,55,11,NÃO,Baixo
UTI,INCUBADORA RN MOVEL,28,4,NÃO,Médio
UTI,INCUBADORA RN TRANSPORTE,4,14,NÃO,Médio
UTI,MARCA-PASSO CARDIACO-ELETRODO INVASIVO,6,14,NÃO,Baixo
UTI,MOD CO2 EXALADO,11,11,NÃO,Médio
UTI,MOD OXIMETRIA PULSO,1,11,NÃO,Médio
UTI,MOD PRESSAO INVASIVA,28,14,NÃO,Baixo
UTI,MONITOR AR-GAS COMPRIMIDO,1,13,NÃO,Baixo
UTI,MONITOR DEBITO CARDIACO,1,3,NÃO,Alto
UTI,MONITOR MULTIPARAMETRICO,109,19,NÃO,Baixo
UTI,OFTALMOSCOPIO,1,11,NÃO,Médio
UTI,OFTALMOSCOPIO INDIRETO,1,1,NÃO,Médio
UTI,OXIMETRO PULSO,11,13,NÃO,Baixo
UTI,RADIOMETRO FOTOTERAPIA,2,9,NÃO,Alto
UTI,RAIO-X MOVEL,3,13,NÃO,Alto
UTI,REANIMADOR PULMONAR PNEUMATICO,3,4,NÃO,Alto
UTI,SELADOR PACOTE,2,12,NÃO,Baixo
UTI,SUPORTE ESPECIFICO APARELHO,4,11,SIM,Baixo
UTI,TERMOMETRO ELETRONICO,22,11,NÃO,Baixo
UTI,ULTRASSOM,2,4,NÃO,Médio
UTI,ULTRASSOM PORTATIL,2,11,NÃO,Alto
UTI,UMIDIFICADOR AQUECEDOR,101,4,NÃO,Alto
UTI,VENTILADOR BIPAP/CPAP,11,2,NÃO,Alto
UTI,VENTILADOR TRANSPORTE,16,11,SIM,Baixo
UTI,VENTILADOR UTI,117,18,NÃO,Baixo
